{"metadata":{"version":1},"mouthCues":[{"start":0,"end":4.943672,"value":"X"},{"start":4.943672,"end":9.887344,"value":"A"},{"start":9.887344,"end":14.831016000000002,"value":"O"},{"start":14.831016000000002,"end":19.774688,"value":"X"}]}