{"metadata":{"version":1},"mouthCues":[{"start":0,"end":2.7624375,"value":"X"},{"start":2.7624375,"end":5.524875,"value":"A"},{"start":5.524875,"end":8.287312499999999,"value":"O"},{"start":8.287312499999999,"end":11.04975,"value":"X"}]}