{"metadata":{"version":1},"mouthCues":[{"start":0,"end":3.00407825,"value":"X"},{"start":3.00407825,"end":6.0081565,"value":"A"},{"start":6.0081565,"end":9.012234750000001,"value":"O"},{"start":9.012234750000001,"end":12.016313,"value":"X"}]}