{"metadata":{"version":1},"mouthCues":[{"start":0,"end":2.0963125,"value":"X"},{"start":2.0963125,"end":4.192625,"value":"A"},{"start":4.192625,"end":6.288937499999999,"value":"O"},{"start":6.288937499999999,"end":8.38525,"value":"X"}]}