{"metadata":{"version":1},"mouthCues":[{"start":0,"end":4.60407825,"value":"X"},{"start":4.60407825,"end":9.2081565,"value":"A"},{"start":9.2081565,"end":13.812234749999998,"value":"O"},{"start":13.812234749999998,"end":18.416313,"value":"X"}]}