{"metadata":{"version":1},"mouthCues":[{"start":0,"end":2.27264075,"value":"X"},{"start":2.27264075,"end":4.5452815,"value":"A"},{"start":4.5452815,"end":6.81792225,"value":"O"},{"start":6.81792225,"end":9.090563,"value":"X"}]}