{"metadata":{"version":1},"mouthCues":[{"start":0,"end":0.92734375,"value":"X"},{"start":0.92734375,"end":1.8546875,"value":"A"},{"start":1.8546875,"end":2.78203125,"value":"O"},{"start":2.78203125,"end":3.709375,"value":"X"}]}